{
  "Tparent": {
    "precision": 1.0,
    "recall": 1.0,
    "f1-score": 1.0,
    "support": 135,
    "confused_with": {}
  },
  "Tchild": {
    "precision": 1.0,
    "recall": 1.0,
    "f1-score": 1.0,
    "support": 345,
    "confused_with": {}
  },
  "micro avg": {
    "precision": 1.0,
    "recall": 1.0,
    "f1-score": 1.0,
    "support": 480
  },
  "macro avg": {
    "precision": 1.0,
    "recall": 1.0,
    "f1-score": 1.0,
    "support": 480
  },
  "weighted avg": {
    "precision": 1.0,
    "recall": 1.0,
    "f1-score": 1.0,
    "support": 480
  }
}